gender,SeniorCitizen,Partner,Dependents,tenure,PhoneService,MultipleLines,InternetService,OnlineSecurity,OnlineBackup,DeviceProtection,TechSupport,StreamingTV,StreamingMovies,Contract,PaperlessBilling,PaymentMethod,MonthlyCharges,TotalCharges,PredictionTime,ModelUsed,Churn
Male,0,Yes,Yes,0,Yes,Yes,DSL,No,No,No,No,No,No,Month-to-month,Yes,Electronic check,0.0,0.0,2024-06-27,Logistic Regression,No
Male,0,Yes,Yes,0,Yes,Yes,DSL,No,No,No,No,No,No,Month-to-month,Yes,Electronic check,0.0,0.0,2024-06-27,Logistic Regression,No
Male,0,Yes,Yes,0,Yes,Yes,DSL,No,No,No,No,No,No,Month-to-month,Yes,Electronic check,0.0,5000.0,2024-06-27,Logistic Regression,Yes
Male,0,Yes,Yes,0,Yes,Yes,DSL,No,No,No,No,No,No,Month-to-month,Yes,Electronic check,0.0,5000.0,2024-06-27,Gradient Boost,Yes
Male,0,Yes,Yes,0,Yes,Yes,DSL,No,No,No,No,No,No,Month-to-month,Yes,Electronic check,0.0,0.0,2024-06-27 11:17:53.546353,Logistic Regression,No
Male,0,Yes,Yes,0,Yes,Yes,DSL,No,No,No,No,No,No,Month-to-month,Yes,Electronic check,0.0,0.0,11:21:01,Logistic Regression,No
Male,0,Yes,Yes,0,Yes,Yes,DSL,No,No,No,No,No,No,Month-to-month,Yes,Electronic check,0.0,0.0,06-27-2024 11:24:14,Logistic Regression,No
Female,0,Yes,No,1,No,,DSL,No,Yes,No,No,No,No,Month-to-month,Yes,Electronic check,29.85000038,29.85000038,12:51:40,Logistic Regression,Yes
Male,0,No,No,34,Yes,No,DSL,Yes,No,Yes,No,No,No,One year,No,Mailed check,56.95000076,1889.5,,,
Male,0,No,No,2,Yes,No,DSL,Yes,Yes,No,No,No,No,Month-to-month,Yes,Mailed check,53.84999847,108.1500015,,,
Male,0,No,No,45,No,,DSL,Yes,No,Yes,Yes,No,No,One year,No,Bank transfer (automatic),42.29999924,1840.75,,,
Female,0,No,No,2,Yes,No,Fiber optic,No,No,No,No,No,No,Month-to-month,Yes,Electronic check,70.69999695,151.6499939,,,
Female,0,No,No,8,Yes,Yes,Fiber optic,No,No,Yes,No,Yes,Yes,Month-to-month,Yes,Electronic check,99.65000153,820.5,,,
Male,0,No,Yes,22,Yes,Yes,Fiber optic,No,Yes,No,No,Yes,No,Month-to-month,Yes,Credit card (automatic),89.09999847,1949.400024,,,
Female,0,No,No,10,No,,DSL,Yes,No,No,No,No,No,Month-to-month,No,Mailed check,29.75,301.8999939,,,
Female,0,Yes,No,28,Yes,Yes,Fiber optic,No,No,Yes,Yes,Yes,Yes,Month-to-month,Yes,Electronic check,104.8000031,3046.050049,,,
Male,0,No,Yes,62,Yes,No,DSL,Yes,Yes,No,No,No,No,One year,No,Bank transfer (automatic),56.15000153,3487.949951,,,
Female,0,Yes,No,1,No,,DSL,No,Yes,No,No,No,No,Month-to-month,Yes,Electronic check,29.85000038,29.85000038,12:55:31,Logistic Regression,Yes
Male,0,No,No,34,Yes,No,DSL,Yes,No,Yes,No,No,No,One year,No,Mailed check,56.95000076,1889.5,,,
Male,0,No,No,2,Yes,No,DSL,Yes,Yes,No,No,No,No,Month-to-month,Yes,Mailed check,53.84999847,108.1500015,,,
Male,0,No,No,45,No,,DSL,Yes,No,Yes,Yes,No,No,One year,No,Bank transfer (automatic),42.29999924,1840.75,,,
Female,0,No,No,2,Yes,No,Fiber optic,No,No,No,No,No,No,Month-to-month,Yes,Electronic check,70.69999695,151.6499939,,,
Female,0,No,No,8,Yes,Yes,Fiber optic,No,No,Yes,No,Yes,Yes,Month-to-month,Yes,Electronic check,99.65000153,820.5,,,
Male,0,No,Yes,22,Yes,Yes,Fiber optic,No,Yes,No,No,Yes,No,Month-to-month,Yes,Credit card (automatic),89.09999847,1949.400024,,,
Female,0,No,No,10,No,,DSL,Yes,No,No,No,No,No,Month-to-month,No,Mailed check,29.75,301.8999939,,,
Female,0,Yes,No,28,Yes,Yes,Fiber optic,No,No,Yes,Yes,Yes,Yes,Month-to-month,Yes,Electronic check,104.8000031,3046.050049,,,
Male,0,No,Yes,62,Yes,No,DSL,Yes,Yes,No,No,No,No,One year,No,Bank transfer (automatic),56.15000153,3487.949951,,,
Female,0,Yes,No,1,No,,DSL,No,Yes,No,No,No,No,Month-to-month,Yes,Electronic check,29.85000038,29.85000038,12:55:38,Logistic Regression,Yes
Male,0,No,No,34,Yes,No,DSL,Yes,No,Yes,No,No,No,One year,No,Mailed check,56.95000076,1889.5,,,
Male,0,No,No,2,Yes,No,DSL,Yes,Yes,No,No,No,No,Month-to-month,Yes,Mailed check,53.84999847,108.1500015,,,
Male,0,No,No,45,No,,DSL,Yes,No,Yes,Yes,No,No,One year,No,Bank transfer (automatic),42.29999924,1840.75,,,
Female,0,No,No,2,Yes,No,Fiber optic,No,No,No,No,No,No,Month-to-month,Yes,Electronic check,70.69999695,151.6499939,,,
Female,0,No,No,8,Yes,Yes,Fiber optic,No,No,Yes,No,Yes,Yes,Month-to-month,Yes,Electronic check,99.65000153,820.5,,,
Male,0,No,Yes,22,Yes,Yes,Fiber optic,No,Yes,No,No,Yes,No,Month-to-month,Yes,Credit card (automatic),89.09999847,1949.400024,,,
Female,0,No,No,10,No,,DSL,Yes,No,No,No,No,No,Month-to-month,No,Mailed check,29.75,301.8999939,,,
Female,0,Yes,No,28,Yes,Yes,Fiber optic,No,No,Yes,Yes,Yes,Yes,Month-to-month,Yes,Electronic check,104.8000031,3046.050049,,,
Male,0,No,Yes,62,Yes,No,DSL,Yes,Yes,No,No,No,No,One year,No,Bank transfer (automatic),56.15000153,3487.949951,,,
Female,0,Yes,No,1,No,,DSL,No,Yes,No,No,No,No,Month-to-month,Yes,Electronic check,29.85000038,29.85000038,12:55:52,Logistic Regression,Yes
Male,0,No,No,34,Yes,No,DSL,Yes,No,Yes,No,No,No,One year,No,Mailed check,56.95000076,1889.5,,,
Male,0,No,No,2,Yes,No,DSL,Yes,Yes,No,No,No,No,Month-to-month,Yes,Mailed check,53.84999847,108.1500015,,,
Male,0,No,No,45,No,,DSL,Yes,No,Yes,Yes,No,No,One year,No,Bank transfer (automatic),42.29999924,1840.75,,,
Female,0,No,No,2,Yes,No,Fiber optic,No,No,No,No,No,No,Month-to-month,Yes,Electronic check,70.69999695,151.6499939,,,
Female,0,No,No,8,Yes,Yes,Fiber optic,No,No,Yes,No,Yes,Yes,Month-to-month,Yes,Electronic check,99.65000153,820.5,,,
Male,0,No,Yes,22,Yes,Yes,Fiber optic,No,Yes,No,No,Yes,No,Month-to-month,Yes,Credit card (automatic),89.09999847,1949.400024,,,
Female,0,No,No,10,No,,DSL,Yes,No,No,No,No,No,Month-to-month,No,Mailed check,29.75,301.8999939,,,
Female,0,Yes,No,28,Yes,Yes,Fiber optic,No,No,Yes,Yes,Yes,Yes,Month-to-month,Yes,Electronic check,104.8000031,3046.050049,,,
Male,0,No,Yes,62,Yes,No,DSL,Yes,Yes,No,No,No,No,One year,No,Bank transfer (automatic),56.15000153,3487.949951,,,
Female,0,Yes,No,1,No,,DSL,No,Yes,No,No,No,No,Month-to-month,Yes,Electronic check,29.85000038,29.85000038,12:56:58,Logistic Regression,Yes
Male,0,No,No,34,Yes,No,DSL,Yes,No,Yes,No,No,No,One year,No,Mailed check,56.95000076,1889.5,,,
Male,0,No,No,2,Yes,No,DSL,Yes,Yes,No,No,No,No,Month-to-month,Yes,Mailed check,53.84999847,108.1500015,,,
Male,0,No,No,45,No,,DSL,Yes,No,Yes,Yes,No,No,One year,No,Bank transfer (automatic),42.29999924,1840.75,,,
Female,0,No,No,2,Yes,No,Fiber optic,No,No,No,No,No,No,Month-to-month,Yes,Electronic check,70.69999695,151.6499939,,,
Female,0,No,No,8,Yes,Yes,Fiber optic,No,No,Yes,No,Yes,Yes,Month-to-month,Yes,Electronic check,99.65000153,820.5,,,
Male,0,No,Yes,22,Yes,Yes,Fiber optic,No,Yes,No,No,Yes,No,Month-to-month,Yes,Credit card (automatic),89.09999847,1949.400024,,,
Female,0,No,No,10,No,,DSL,Yes,No,No,No,No,No,Month-to-month,No,Mailed check,29.75,301.8999939,,,
Female,0,Yes,No,28,Yes,Yes,Fiber optic,No,No,Yes,Yes,Yes,Yes,Month-to-month,Yes,Electronic check,104.8000031,3046.050049,,,
Male,0,No,Yes,62,Yes,No,DSL,Yes,Yes,No,No,No,No,One year,No,Bank transfer (automatic),56.15000153,3487.949951,,,
Female,0,Yes,No,1,No,,DSL,No,Yes,No,No,No,No,Month-to-month,Yes,Electronic check,29.85000038,29.85000038,12:57:34,Logistic Regression,Yes
Male,0,No,No,34,Yes,No,DSL,Yes,No,Yes,No,No,No,One year,No,Mailed check,56.95000076,1889.5,,,
Male,0,No,No,2,Yes,No,DSL,Yes,Yes,No,No,No,No,Month-to-month,Yes,Mailed check,53.84999847,108.1500015,,,
Male,0,No,No,45,No,,DSL,Yes,No,Yes,Yes,No,No,One year,No,Bank transfer (automatic),42.29999924,1840.75,,,
Female,0,No,No,2,Yes,No,Fiber optic,No,No,No,No,No,No,Month-to-month,Yes,Electronic check,70.69999695,151.6499939,,,
Female,0,No,No,8,Yes,Yes,Fiber optic,No,No,Yes,No,Yes,Yes,Month-to-month,Yes,Electronic check,99.65000153,820.5,,,
Male,0,No,Yes,22,Yes,Yes,Fiber optic,No,Yes,No,No,Yes,No,Month-to-month,Yes,Credit card (automatic),89.09999847,1949.400024,,,
Female,0,No,No,10,No,,DSL,Yes,No,No,No,No,No,Month-to-month,No,Mailed check,29.75,301.8999939,,,
Female,0,Yes,No,28,Yes,Yes,Fiber optic,No,No,Yes,Yes,Yes,Yes,Month-to-month,Yes,Electronic check,104.8000031,3046.050049,,,
Male,0,No,Yes,62,Yes,No,DSL,Yes,Yes,No,No,No,No,One year,No,Bank transfer (automatic),56.15000153,3487.949951,,,
Female,0,Yes,No,1,No,,DSL,No,Yes,No,No,No,No,Month-to-month,Yes,Electronic check,29.85000038,29.85000038,12:57:56,Logistic Regression,Yes
Male,0,No,No,34,Yes,No,DSL,Yes,No,Yes,No,No,No,One year,No,Mailed check,56.95000076,1889.5,,,
Male,0,No,No,2,Yes,No,DSL,Yes,Yes,No,No,No,No,Month-to-month,Yes,Mailed check,53.84999847,108.1500015,,,
Male,0,No,No,45,No,,DSL,Yes,No,Yes,Yes,No,No,One year,No,Bank transfer (automatic),42.29999924,1840.75,,,
Female,0,No,No,2,Yes,No,Fiber optic,No,No,No,No,No,No,Month-to-month,Yes,Electronic check,70.69999695,151.6499939,,,
Female,0,No,No,8,Yes,Yes,Fiber optic,No,No,Yes,No,Yes,Yes,Month-to-month,Yes,Electronic check,99.65000153,820.5,,,
Male,0,No,Yes,22,Yes,Yes,Fiber optic,No,Yes,No,No,Yes,No,Month-to-month,Yes,Credit card (automatic),89.09999847,1949.400024,,,
Female,0,No,No,10,No,,DSL,Yes,No,No,No,No,No,Month-to-month,No,Mailed check,29.75,301.8999939,,,
Female,0,Yes,No,28,Yes,Yes,Fiber optic,No,No,Yes,Yes,Yes,Yes,Month-to-month,Yes,Electronic check,104.8000031,3046.050049,,,
Male,0,No,Yes,62,Yes,No,DSL,Yes,Yes,No,No,No,No,One year,No,Bank transfer (automatic),56.15000153,3487.949951,,,
Female,0,Yes,No,1,No,,DSL,No,Yes,No,No,No,No,Month-to-month,Yes,Electronic check,29.85000038,29.85000038,12:59:01,Logistic Regression,Yes
Male,0,No,No,34,Yes,No,DSL,Yes,No,Yes,No,No,No,One year,No,Mailed check,56.95000076,1889.5,,,
Male,0,No,No,2,Yes,No,DSL,Yes,Yes,No,No,No,No,Month-to-month,Yes,Mailed check,53.84999847,108.1500015,,,
Male,0,No,No,45,No,,DSL,Yes,No,Yes,Yes,No,No,One year,No,Bank transfer (automatic),42.29999924,1840.75,,,
Female,0,No,No,2,Yes,No,Fiber optic,No,No,No,No,No,No,Month-to-month,Yes,Electronic check,70.69999695,151.6499939,,,
Female,0,No,No,8,Yes,Yes,Fiber optic,No,No,Yes,No,Yes,Yes,Month-to-month,Yes,Electronic check,99.65000153,820.5,,,
Male,0,No,Yes,22,Yes,Yes,Fiber optic,No,Yes,No,No,Yes,No,Month-to-month,Yes,Credit card (automatic),89.09999847,1949.400024,,,
Female,0,No,No,10,No,,DSL,Yes,No,No,No,No,No,Month-to-month,No,Mailed check,29.75,301.8999939,,,
Female,0,Yes,No,28,Yes,Yes,Fiber optic,No,No,Yes,Yes,Yes,Yes,Month-to-month,Yes,Electronic check,104.8000031,3046.050049,,,
Male,0,No,Yes,62,Yes,No,DSL,Yes,Yes,No,No,No,No,One year,No,Bank transfer (automatic),56.15000153,3487.949951,,,
Female,0,Yes,No,1,No,,DSL,No,Yes,No,No,No,No,Month-to-month,Yes,Electronic check,29.85000038,29.85000038,12:59:09,Logistic Regression,Yes
Male,0,No,No,34,Yes,No,DSL,Yes,No,Yes,No,No,No,One year,No,Mailed check,56.95000076,1889.5,,,
Male,0,No,No,2,Yes,No,DSL,Yes,Yes,No,No,No,No,Month-to-month,Yes,Mailed check,53.84999847,108.1500015,,,
Male,0,No,No,45,No,,DSL,Yes,No,Yes,Yes,No,No,One year,No,Bank transfer (automatic),42.29999924,1840.75,,,
Female,0,No,No,2,Yes,No,Fiber optic,No,No,No,No,No,No,Month-to-month,Yes,Electronic check,70.69999695,151.6499939,,,
Female,0,No,No,8,Yes,Yes,Fiber optic,No,No,Yes,No,Yes,Yes,Month-to-month,Yes,Electronic check,99.65000153,820.5,,,
Male,0,No,Yes,22,Yes,Yes,Fiber optic,No,Yes,No,No,Yes,No,Month-to-month,Yes,Credit card (automatic),89.09999847,1949.400024,,,
Female,0,No,No,10,No,,DSL,Yes,No,No,No,No,No,Month-to-month,No,Mailed check,29.75,301.8999939,,,
Female,0,Yes,No,28,Yes,Yes,Fiber optic,No,No,Yes,Yes,Yes,Yes,Month-to-month,Yes,Electronic check,104.8000031,3046.050049,,,
Male,0,No,Yes,62,Yes,No,DSL,Yes,Yes,No,No,No,No,One year,No,Bank transfer (automatic),56.15000153,3487.949951,,,
Female,0,Yes,No,1,No,,DSL,No,Yes,No,No,No,No,Month-to-month,Yes,Electronic check,29.85000038,29.85000038,13:00:42,Logistic Regression,Yes
Male,0,No,No,34,Yes,No,DSL,Yes,No,Yes,No,No,No,One year,No,Mailed check,56.95000076,1889.5,,,
Male,0,No,No,2,Yes,No,DSL,Yes,Yes,No,No,No,No,Month-to-month,Yes,Mailed check,53.84999847,108.1500015,,,
Male,0,No,No,45,No,,DSL,Yes,No,Yes,Yes,No,No,One year,No,Bank transfer (automatic),42.29999924,1840.75,,,
Female,0,No,No,2,Yes,No,Fiber optic,No,No,No,No,No,No,Month-to-month,Yes,Electronic check,70.69999695,151.6499939,,,
Female,0,No,No,8,Yes,Yes,Fiber optic,No,No,Yes,No,Yes,Yes,Month-to-month,Yes,Electronic check,99.65000153,820.5,,,
Male,0,No,Yes,22,Yes,Yes,Fiber optic,No,Yes,No,No,Yes,No,Month-to-month,Yes,Credit card (automatic),89.09999847,1949.400024,,,
Female,0,No,No,10,No,,DSL,Yes,No,No,No,No,No,Month-to-month,No,Mailed check,29.75,301.8999939,,,
Female,0,Yes,No,28,Yes,Yes,Fiber optic,No,No,Yes,Yes,Yes,Yes,Month-to-month,Yes,Electronic check,104.8000031,3046.050049,,,
Male,0,No,Yes,62,Yes,No,DSL,Yes,Yes,No,No,No,No,One year,No,Bank transfer (automatic),56.15000153,3487.949951,,,
Female,0,Yes,No,1,No,,DSL,No,Yes,No,No,No,No,Month-to-month,Yes,Electronic check,29.85000038,29.85000038,13:01:24,Logistic Regression,Yes
Male,0,No,No,34,Yes,No,DSL,Yes,No,Yes,No,No,No,One year,No,Mailed check,56.95000076,1889.5,,,
Male,0,No,No,2,Yes,No,DSL,Yes,Yes,No,No,No,No,Month-to-month,Yes,Mailed check,53.84999847,108.1500015,,,
Male,0,No,No,45,No,,DSL,Yes,No,Yes,Yes,No,No,One year,No,Bank transfer (automatic),42.29999924,1840.75,,,
Female,0,No,No,2,Yes,No,Fiber optic,No,No,No,No,No,No,Month-to-month,Yes,Electronic check,70.69999695,151.6499939,,,
Female,0,No,No,8,Yes,Yes,Fiber optic,No,No,Yes,No,Yes,Yes,Month-to-month,Yes,Electronic check,99.65000153,820.5,,,
Male,0,No,Yes,22,Yes,Yes,Fiber optic,No,Yes,No,No,Yes,No,Month-to-month,Yes,Credit card (automatic),89.09999847,1949.400024,,,
Female,0,No,No,10,No,,DSL,Yes,No,No,No,No,No,Month-to-month,No,Mailed check,29.75,301.8999939,,,
Female,0,Yes,No,28,Yes,Yes,Fiber optic,No,No,Yes,Yes,Yes,Yes,Month-to-month,Yes,Electronic check,104.8000031,3046.050049,,,
Male,0,No,Yes,62,Yes,No,DSL,Yes,Yes,No,No,No,No,One year,No,Bank transfer (automatic),56.15000153,3487.949951,,,
Female,0,Yes,No,1,No,,DSL,No,Yes,No,No,No,No,Month-to-month,Yes,Electronic check,29.85000038,29.85000038,13:02:21,Logistic Regression,Yes
Male,0,No,No,34,Yes,No,DSL,Yes,No,Yes,No,No,No,One year,No,Mailed check,56.95000076,1889.5,,,
Male,0,No,No,2,Yes,No,DSL,Yes,Yes,No,No,No,No,Month-to-month,Yes,Mailed check,53.84999847,108.1500015,,,
Male,0,No,No,45,No,,DSL,Yes,No,Yes,Yes,No,No,One year,No,Bank transfer (automatic),42.29999924,1840.75,,,
Female,0,No,No,2,Yes,No,Fiber optic,No,No,No,No,No,No,Month-to-month,Yes,Electronic check,70.69999695,151.6499939,,,
Female,0,No,No,8,Yes,Yes,Fiber optic,No,No,Yes,No,Yes,Yes,Month-to-month,Yes,Electronic check,99.65000153,820.5,,,
Male,0,No,Yes,22,Yes,Yes,Fiber optic,No,Yes,No,No,Yes,No,Month-to-month,Yes,Credit card (automatic),89.09999847,1949.400024,,,
Female,0,No,No,10,No,,DSL,Yes,No,No,No,No,No,Month-to-month,No,Mailed check,29.75,301.8999939,,,
Female,0,Yes,No,28,Yes,Yes,Fiber optic,No,No,Yes,Yes,Yes,Yes,Month-to-month,Yes,Electronic check,104.8000031,3046.050049,,,
Male,0,No,Yes,62,Yes,No,DSL,Yes,Yes,No,No,No,No,One year,No,Bank transfer (automatic),56.15000153,3487.949951,,,
Female,0,Yes,No,1,No,,DSL,No,Yes,No,No,No,No,Month-to-month,Yes,Electronic check,29.85000038,29.85000038,13:51:32,Logistic Regression,Yes
Male,0,No,No,34,Yes,No,DSL,Yes,No,Yes,No,No,No,One year,No,Mailed check,56.95000076,1889.5,,,
Male,0,No,No,2,Yes,No,DSL,Yes,Yes,No,No,No,No,Month-to-month,Yes,Mailed check,53.84999847,108.1500015,,,
Male,0,No,No,45,No,,DSL,Yes,No,Yes,Yes,No,No,One year,No,Bank transfer (automatic),42.29999924,1840.75,,,
Female,0,No,No,2,Yes,No,Fiber optic,No,No,No,No,No,No,Month-to-month,Yes,Electronic check,70.69999695,151.6499939,,,
Female,0,No,No,8,Yes,Yes,Fiber optic,No,No,Yes,No,Yes,Yes,Month-to-month,Yes,Electronic check,99.65000153,820.5,,,
Male,0,No,Yes,22,Yes,Yes,Fiber optic,No,Yes,No,No,Yes,No,Month-to-month,Yes,Credit card (automatic),89.09999847,1949.400024,,,
Female,0,No,No,10,No,,DSL,Yes,No,No,No,No,No,Month-to-month,No,Mailed check,29.75,301.8999939,,,
Female,0,Yes,No,28,Yes,Yes,Fiber optic,No,No,Yes,Yes,Yes,Yes,Month-to-month,Yes,Electronic check,104.8000031,3046.050049,,,
Male,0,No,Yes,62,Yes,No,DSL,Yes,Yes,No,No,No,No,One year,No,Bank transfer (automatic),56.15000153,3487.949951,,,
Female,0,Yes,No,1,No,,DSL,No,Yes,No,No,No,No,Month-to-month,Yes,Electronic check,29.85000038,29.85000038,13:51:34,Logistic Regression,Yes
Male,0,No,No,34,Yes,No,DSL,Yes,No,Yes,No,No,No,One year,No,Mailed check,56.95000076,1889.5,,,
Male,0,No,No,2,Yes,No,DSL,Yes,Yes,No,No,No,No,Month-to-month,Yes,Mailed check,53.84999847,108.1500015,,,
Male,0,No,No,45,No,,DSL,Yes,No,Yes,Yes,No,No,One year,No,Bank transfer (automatic),42.29999924,1840.75,,,
Female,0,No,No,2,Yes,No,Fiber optic,No,No,No,No,No,No,Month-to-month,Yes,Electronic check,70.69999695,151.6499939,,,
Female,0,No,No,8,Yes,Yes,Fiber optic,No,No,Yes,No,Yes,Yes,Month-to-month,Yes,Electronic check,99.65000153,820.5,,,
Male,0,No,Yes,22,Yes,Yes,Fiber optic,No,Yes,No,No,Yes,No,Month-to-month,Yes,Credit card (automatic),89.09999847,1949.400024,,,
Female,0,No,No,10,No,,DSL,Yes,No,No,No,No,No,Month-to-month,No,Mailed check,29.75,301.8999939,,,
Female,0,Yes,No,28,Yes,Yes,Fiber optic,No,No,Yes,Yes,Yes,Yes,Month-to-month,Yes,Electronic check,104.8000031,3046.050049,,,
Male,0,No,Yes,62,Yes,No,DSL,Yes,Yes,No,No,No,No,One year,No,Bank transfer (automatic),56.15000153,3487.949951,,,
Female,0,Yes,No,1,No,,DSL,No,Yes,No,No,No,No,Month-to-month,Yes,Electronic check,29.85000038,29.85000038,13:51:37,Logistic Regression,Yes
Male,0,No,No,34,Yes,No,DSL,Yes,No,Yes,No,No,No,One year,No,Mailed check,56.95000076,1889.5,,,
Male,0,No,No,2,Yes,No,DSL,Yes,Yes,No,No,No,No,Month-to-month,Yes,Mailed check,53.84999847,108.1500015,,,
Male,0,No,No,45,No,,DSL,Yes,No,Yes,Yes,No,No,One year,No,Bank transfer (automatic),42.29999924,1840.75,,,
Female,0,No,No,2,Yes,No,Fiber optic,No,No,No,No,No,No,Month-to-month,Yes,Electronic check,70.69999695,151.6499939,,,
Female,0,No,No,8,Yes,Yes,Fiber optic,No,No,Yes,No,Yes,Yes,Month-to-month,Yes,Electronic check,99.65000153,820.5,,,
Male,0,No,Yes,22,Yes,Yes,Fiber optic,No,Yes,No,No,Yes,No,Month-to-month,Yes,Credit card (automatic),89.09999847,1949.400024,,,
Female,0,No,No,10,No,,DSL,Yes,No,No,No,No,No,Month-to-month,No,Mailed check,29.75,301.8999939,,,
Female,0,Yes,No,28,Yes,Yes,Fiber optic,No,No,Yes,Yes,Yes,Yes,Month-to-month,Yes,Electronic check,104.8000031,3046.050049,,,
Male,0,No,Yes,62,Yes,No,DSL,Yes,Yes,No,No,No,No,One year,No,Bank transfer (automatic),56.15000153,3487.949951,,,
Female,0,Yes,No,1,No,,DSL,No,Yes,No,No,No,No,Month-to-month,Yes,Electronic check,29.85000038,29.85000038,13:51:39,Logistic Regression,Yes
Male,0,No,No,34,Yes,No,DSL,Yes,No,Yes,No,No,No,One year,No,Mailed check,56.95000076,1889.5,,,
Male,0,No,No,2,Yes,No,DSL,Yes,Yes,No,No,No,No,Month-to-month,Yes,Mailed check,53.84999847,108.1500015,,,
Male,0,No,No,45,No,,DSL,Yes,No,Yes,Yes,No,No,One year,No,Bank transfer (automatic),42.29999924,1840.75,,,
Female,0,No,No,2,Yes,No,Fiber optic,No,No,No,No,No,No,Month-to-month,Yes,Electronic check,70.69999695,151.6499939,,,
Female,0,No,No,8,Yes,Yes,Fiber optic,No,No,Yes,No,Yes,Yes,Month-to-month,Yes,Electronic check,99.65000153,820.5,,,
Male,0,No,Yes,22,Yes,Yes,Fiber optic,No,Yes,No,No,Yes,No,Month-to-month,Yes,Credit card (automatic),89.09999847,1949.400024,,,
Female,0,No,No,10,No,,DSL,Yes,No,No,No,No,No,Month-to-month,No,Mailed check,29.75,301.8999939,,,
Female,0,Yes,No,28,Yes,Yes,Fiber optic,No,No,Yes,Yes,Yes,Yes,Month-to-month,Yes,Electronic check,104.8000031,3046.050049,,,
Male,0,No,Yes,62,Yes,No,DSL,Yes,Yes,No,No,No,No,One year,No,Bank transfer (automatic),56.15000153,3487.949951,,,
Female,0,Yes,No,1,No,,DSL,No,Yes,No,No,No,No,Month-to-month,Yes,Electronic check,29.85000038,29.85000038,13:52:41,Logistic Regression,Yes
Male,0,No,No,34,Yes,No,DSL,Yes,No,Yes,No,No,No,One year,No,Mailed check,56.95000076,1889.5,,,
Male,0,No,No,2,Yes,No,DSL,Yes,Yes,No,No,No,No,Month-to-month,Yes,Mailed check,53.84999847,108.1500015,,,
Male,0,No,No,45,No,,DSL,Yes,No,Yes,Yes,No,No,One year,No,Bank transfer (automatic),42.29999924,1840.75,,,
Female,0,No,No,2,Yes,No,Fiber optic,No,No,No,No,No,No,Month-to-month,Yes,Electronic check,70.69999695,151.6499939,,,
Female,0,No,No,8,Yes,Yes,Fiber optic,No,No,Yes,No,Yes,Yes,Month-to-month,Yes,Electronic check,99.65000153,820.5,,,
Male,0,No,Yes,22,Yes,Yes,Fiber optic,No,Yes,No,No,Yes,No,Month-to-month,Yes,Credit card (automatic),89.09999847,1949.400024,,,
Female,0,No,No,10,No,,DSL,Yes,No,No,No,No,No,Month-to-month,No,Mailed check,29.75,301.8999939,,,
Female,0,Yes,No,28,Yes,Yes,Fiber optic,No,No,Yes,Yes,Yes,Yes,Month-to-month,Yes,Electronic check,104.8000031,3046.050049,,,
Male,0,No,Yes,62,Yes,No,DSL,Yes,Yes,No,No,No,No,One year,No,Bank transfer (automatic),56.15000153,3487.949951,,,
Female,0,Yes,No,1,No,,DSL,No,Yes,No,No,No,No,Month-to-month,Yes,Electronic check,29.85000038,29.85000038,13:54:04,Logistic Regression,Yes
Male,0,No,No,34,Yes,No,DSL,Yes,No,Yes,No,No,No,One year,No,Mailed check,56.95000076,1889.5,,,
Male,0,No,No,2,Yes,No,DSL,Yes,Yes,No,No,No,No,Month-to-month,Yes,Mailed check,53.84999847,108.1500015,,,
Male,0,No,No,45,No,,DSL,Yes,No,Yes,Yes,No,No,One year,No,Bank transfer (automatic),42.29999924,1840.75,,,
Female,0,No,No,2,Yes,No,Fiber optic,No,No,No,No,No,No,Month-to-month,Yes,Electronic check,70.69999695,151.6499939,,,
Female,0,No,No,8,Yes,Yes,Fiber optic,No,No,Yes,No,Yes,Yes,Month-to-month,Yes,Electronic check,99.65000153,820.5,,,
Male,0,No,Yes,22,Yes,Yes,Fiber optic,No,Yes,No,No,Yes,No,Month-to-month,Yes,Credit card (automatic),89.09999847,1949.400024,,,
Female,0,No,No,10,No,,DSL,Yes,No,No,No,No,No,Month-to-month,No,Mailed check,29.75,301.8999939,,,
Female,0,Yes,No,28,Yes,Yes,Fiber optic,No,No,Yes,Yes,Yes,Yes,Month-to-month,Yes,Electronic check,104.8000031,3046.050049,,,
Male,0,No,Yes,62,Yes,No,DSL,Yes,Yes,No,No,No,No,One year,No,Bank transfer (automatic),56.15000153,3487.949951,,,
Female,0,Yes,No,1,No,,DSL,No,Yes,No,No,No,No,Month-to-month,Yes,Electronic check,29.85000038,29.85000038,13:54:51,Logistic Regression,Yes
Male,0,No,No,34,Yes,No,DSL,Yes,No,Yes,No,No,No,One year,No,Mailed check,56.95000076,1889.5,,,
Male,0,No,No,2,Yes,No,DSL,Yes,Yes,No,No,No,No,Month-to-month,Yes,Mailed check,53.84999847,108.1500015,,,
Male,0,No,No,45,No,,DSL,Yes,No,Yes,Yes,No,No,One year,No,Bank transfer (automatic),42.29999924,1840.75,,,
Female,0,No,No,2,Yes,No,Fiber optic,No,No,No,No,No,No,Month-to-month,Yes,Electronic check,70.69999695,151.6499939,,,
Female,0,No,No,8,Yes,Yes,Fiber optic,No,No,Yes,No,Yes,Yes,Month-to-month,Yes,Electronic check,99.65000153,820.5,,,
Male,0,No,Yes,22,Yes,Yes,Fiber optic,No,Yes,No,No,Yes,No,Month-to-month,Yes,Credit card (automatic),89.09999847,1949.400024,,,
Female,0,No,No,10,No,,DSL,Yes,No,No,No,No,No,Month-to-month,No,Mailed check,29.75,301.8999939,,,
Female,0,Yes,No,28,Yes,Yes,Fiber optic,No,No,Yes,Yes,Yes,Yes,Month-to-month,Yes,Electronic check,104.8000031,3046.050049,,,
Male,0,No,Yes,62,Yes,No,DSL,Yes,Yes,No,No,No,No,One year,No,Bank transfer (automatic),56.15000153,3487.949951,,,
Female,0,Yes,No,1,No,,DSL,No,Yes,No,No,No,No,Month-to-month,Yes,Electronic check,29.85000038,29.85000038,13:57:41,Logistic Regression,Yes
Male,0,No,No,34,Yes,No,DSL,Yes,No,Yes,No,No,No,One year,No,Mailed check,56.95000076,1889.5,,,
Male,0,No,No,2,Yes,No,DSL,Yes,Yes,No,No,No,No,Month-to-month,Yes,Mailed check,53.84999847,108.1500015,,,
Male,0,No,No,45,No,,DSL,Yes,No,Yes,Yes,No,No,One year,No,Bank transfer (automatic),42.29999924,1840.75,,,
Female,0,No,No,2,Yes,No,Fiber optic,No,No,No,No,No,No,Month-to-month,Yes,Electronic check,70.69999695,151.6499939,,,
Female,0,No,No,8,Yes,Yes,Fiber optic,No,No,Yes,No,Yes,Yes,Month-to-month,Yes,Electronic check,99.65000153,820.5,,,
Male,0,No,Yes,22,Yes,Yes,Fiber optic,No,Yes,No,No,Yes,No,Month-to-month,Yes,Credit card (automatic),89.09999847,1949.400024,,,
Female,0,No,No,10,No,,DSL,Yes,No,No,No,No,No,Month-to-month,No,Mailed check,29.75,301.8999939,,,
Female,0,Yes,No,28,Yes,Yes,Fiber optic,No,No,Yes,Yes,Yes,Yes,Month-to-month,Yes,Electronic check,104.8000031,3046.050049,,,
Male,0,No,Yes,62,Yes,No,DSL,Yes,Yes,No,No,No,No,One year,No,Bank transfer (automatic),56.15000153,3487.949951,,,
Female,0,Yes,No,1,No,,DSL,No,Yes,No,No,No,No,Month-to-month,Yes,Electronic check,29.85000038,29.85000038,14:30:13,Logistic Regression,Yes
Male,0,No,No,34,Yes,No,DSL,Yes,No,Yes,No,No,No,One year,No,Mailed check,56.95000076,1889.5,,,
Male,0,No,No,2,Yes,No,DSL,Yes,Yes,No,No,No,No,Month-to-month,Yes,Mailed check,53.84999847,108.1500015,,,
Male,0,No,No,45,No,,DSL,Yes,No,Yes,Yes,No,No,One year,No,Bank transfer (automatic),42.29999924,1840.75,,,
Female,0,No,No,2,Yes,No,Fiber optic,No,No,No,No,No,No,Month-to-month,Yes,Electronic check,70.69999695,151.6499939,,,
Female,0,No,No,8,Yes,Yes,Fiber optic,No,No,Yes,No,Yes,Yes,Month-to-month,Yes,Electronic check,99.65000153,820.5,,,
Male,0,No,Yes,22,Yes,Yes,Fiber optic,No,Yes,No,No,Yes,No,Month-to-month,Yes,Credit card (automatic),89.09999847,1949.400024,,,
Female,0,No,No,10,No,,DSL,Yes,No,No,No,No,No,Month-to-month,No,Mailed check,29.75,301.8999939,,,
Female,0,Yes,No,28,Yes,Yes,Fiber optic,No,No,Yes,Yes,Yes,Yes,Month-to-month,Yes,Electronic check,104.8000031,3046.050049,,,
Male,0,No,Yes,62,Yes,No,DSL,Yes,Yes,No,No,No,No,One year,No,Bank transfer (automatic),56.15000153,3487.949951,,,
Female,0,Yes,No,1,No,,DSL,No,Yes,No,No,No,No,Month-to-month,Yes,Electronic check,29.85000038,29.85000038,14:30:46,Logistic Regression,Yes
Male,0,No,No,34,Yes,No,DSL,Yes,No,Yes,No,No,No,One year,No,Mailed check,56.95000076,1889.5,,,
Male,0,No,No,2,Yes,No,DSL,Yes,Yes,No,No,No,No,Month-to-month,Yes,Mailed check,53.84999847,108.1500015,,,
Male,0,No,No,45,No,,DSL,Yes,No,Yes,Yes,No,No,One year,No,Bank transfer (automatic),42.29999924,1840.75,,,
Female,0,No,No,2,Yes,No,Fiber optic,No,No,No,No,No,No,Month-to-month,Yes,Electronic check,70.69999695,151.6499939,,,
Female,0,No,No,8,Yes,Yes,Fiber optic,No,No,Yes,No,Yes,Yes,Month-to-month,Yes,Electronic check,99.65000153,820.5,,,
Male,0,No,Yes,22,Yes,Yes,Fiber optic,No,Yes,No,No,Yes,No,Month-to-month,Yes,Credit card (automatic),89.09999847,1949.400024,,,
Female,0,No,No,10,No,,DSL,Yes,No,No,No,No,No,Month-to-month,No,Mailed check,29.75,301.8999939,,,
Female,0,Yes,No,28,Yes,Yes,Fiber optic,No,No,Yes,Yes,Yes,Yes,Month-to-month,Yes,Electronic check,104.8000031,3046.050049,,,
Male,0,No,Yes,62,Yes,No,DSL,Yes,Yes,No,No,No,No,One year,No,Bank transfer (automatic),56.15000153,3487.949951,,,
Female,0,Yes,No,1,No,,DSL,No,Yes,No,No,No,No,Month-to-month,Yes,Electronic check,29.85000038,29.85000038,14:31:53,Logistic Regression,Yes
Male,0,No,No,34,Yes,No,DSL,Yes,No,Yes,No,No,No,One year,No,Mailed check,56.95000076,1889.5,,,
Male,0,No,No,2,Yes,No,DSL,Yes,Yes,No,No,No,No,Month-to-month,Yes,Mailed check,53.84999847,108.1500015,,,
Male,0,No,No,45,No,,DSL,Yes,No,Yes,Yes,No,No,One year,No,Bank transfer (automatic),42.29999924,1840.75,,,
Female,0,No,No,2,Yes,No,Fiber optic,No,No,No,No,No,No,Month-to-month,Yes,Electronic check,70.69999695,151.6499939,,,
Female,0,No,No,8,Yes,Yes,Fiber optic,No,No,Yes,No,Yes,Yes,Month-to-month,Yes,Electronic check,99.65000153,820.5,,,
Male,0,No,Yes,22,Yes,Yes,Fiber optic,No,Yes,No,No,Yes,No,Month-to-month,Yes,Credit card (automatic),89.09999847,1949.400024,,,
Female,0,No,No,10,No,,DSL,Yes,No,No,No,No,No,Month-to-month,No,Mailed check,29.75,301.8999939,,,
Female,0,Yes,No,28,Yes,Yes,Fiber optic,No,No,Yes,Yes,Yes,Yes,Month-to-month,Yes,Electronic check,104.8000031,3046.050049,,,
Male,0,No,Yes,62,Yes,No,DSL,Yes,Yes,No,No,No,No,One year,No,Bank transfer (automatic),56.15000153,3487.949951,,,
